LSMaMatHang,TenMatHang,LSMaNhomNganhHang,DVT,MoTa,SuDung,DonGiaBan,IsSyn,DonGiaVIP,IsVatTu,DonGiaNhap,ThuTu,KeySearch
 O LONG DAO,TRA O LONG DAO,03,VND,,1,25000,1,25000,0,25000,100, O LONG DAO;TRA O LONG DAO;told;tra o long dao
BA SO,BA SO,03,VND,,1,60000,1,60000,0,60000,100,BA SO;BA SO;bs;ba so
BAC XIU,BAC XIU,03,VND,,1,35000,1,35000,0,35000,100,BAC XIU;BAC XIU;bx;bac xiu
BANH MY BO,BANH MY BO,02,VND,,1,45000,1,45000,0,45000,100,BANH MY BO;BANH MY BO;bmb;banh my bo
BÁNH MỲ BÒ TRỨNG,BÁNH MỲ BÒ TRỨNG,02,VND,,1,55000,1,55000,0,55000,100,BÁNH MỲ BÒ TRỨNG;BÁNH MỲ BÒ TRỨNG;bmbt;banh my bo trung
BANH MY SUA,BANH MY SUA,02,VND,,1,15000,1,15000,0,15000,100,BANH MY SUA;BANH MY SUA;bms;banh my sua
BANH MY TRUNG,BANH MY TRUNG,02,VND,,1,30000,1,30000,0,30000,100,BANH MY TRUNG;BANH MY TRUNG;bmt;banh my trung
BANH MY TRUNG XUC XICH,BANH MY TRUNG XUC XICH,02,VND,,1,45000,1,45000,0,45000,100,BANH MY TRUNG XUC XICH;BANH MY TRUNG XUC XICH;bmtxx;banh my trung xuc xich
BANH MY XUC XICH,BANH MY XUC XICH,02,VND,,1,40000,1,40000,0,40000,100,BANH MY XUC XICH;BANH MY XUC XICH;bmxx;banh my xuc xich
BIA HA NOI,BIA HA NOI,03,VND,,1,25000,1,25000,0,25000,100,BIA HA NOI;BIA HA NOI;bhn;bia ha noi
BIA KEN,BIA KEN,03,VND,,1,35000,1,35000,0,35000,100,BIA KEN;BIA KEN;bk;bia ken
BIA SAI GON,BIA SAI GON,03,VND,,1,30000,1,30000,0,30000,100,BIA SAI GON;BIA SAI GON;bsg;bia sai gon
BIA333,bia 333,02,lon,,1,30000,1,30000,0,30000,100,BIA333;bia 333;b3;bia 333
BIM BIM,BIM BIM THAI,03,VND,,1,15000,1,15000,0,15000,100,BIM BIM;BIM BIM THAI;bbt;bim bim thai
BO HUC,BO HUC,03,VND,,1,29000,1,29000,0,29000,100,BO HUC;BO HUC;bh;bo huc
BO KHO,BO KHO,03,VND,,1,55000,1,55000,0,55000,100,BO KHO;BO KHO;bk;bo kho
BỎNG NGÔ MỸ,Bỏng Ngô Mỹ,02,VND,,1,40000,1,40000,0,40000,100,BỎNG NGÔ MỸ;Bỏng Ngô Mỹ;bnm;bong ngo my
CA CAO,CA CAO,03,VND,,1,30000,1,30000,0,30000,100,CA CAO;CA CAO;cc;ca cao
CAFE DEN,CAFE DEN,03,VND,,1,25000,1,25000,0,25000,100,CAFE DEN;CAFE DEN;cd;cafe den
CAFE NAU,CAFE NAU,03,VND,,1,30000,1,30000,0,30000,100,CAFE NAU;CAFE NAU;cn;cafe nau
CAM EP,CAM EP,03,VND,,1,27000,1,27000,0,27000,100,CAM EP;CAM EP;ce;cam ep
CAM TUOI,CAM TUOI,03,VND,,1,55000,1,55000,0,55000,100,CAM TUOI;CAM TUOI;ct;cam tuoi
CAMEL,CAMEL BẤM,02,VND,,1,50000,1,50000,0,50000,100,CAMEL;CAMEL BẤM;cb;camel bam
CARMEI NHO,CAMEL NHỎ,02,VND,,1,38000,1,38000,0,38000,100,CARMEI NHO;CAMEL NHỎ;cn;camel nho
CB2,CB2,03,VND,,1,89000,1,89000,0,89000,100,CB2;CB2;c;cb2
CB3,CB3,03,VND,,1,79000,1,79000,0,79000,100,CB3;CB3;c;cb3
CB4,CB4,03,VND,,1,59000,1,59000,0,59000,100,CB4;CB4;c;cb4
CB5,CB5,03,VND,,1,49000,1,49000,0,49000,100,CB5;CB5;c;cb5
CHANH TUOI,CHANH TUOI,03,VND,,1,35000,1,35000,0,35000,100,CHANH TUOI;CHANH TUOI;ct;chanh tuoi
CHANH TUYET,CHANH TUYET,03,VND,,1,55000,1,55000,0,55000,100,CHANH TUYET;CHANH TUYET;ct;chanh tuyet
COCA,COCA,03,VND,,1,27000,1,27000,0,27000,100,COCA;COCA;c;coca
COM BO SOT TIEU,COM BO SOT TIEU,02,VND,,1,65000,1,65000,0,65000,100,COM BO SOT TIEU;COM BO SOT TIEU;cbst;com bo sot tieu
COM BO XAO RAU,COM BO XAO RAU,02,VND,,1,60000,1,60000,0,60000,100,COM BO XAO RAU;COM BO XAO RAU;cbxr;com bo xao rau
COM CA BONG LAU KHO TO,THE HOC VIEN ,02,VND,,1,1500000,1,1500000,0,1500000,100,COM CA BONG LAU KHO TO;THE HOC VIEN ;thv;the hoc vien
COM CA THU RAN,Bỏng Ngô Mỹ,02,VND,,1,40000,1,40000,0,40000,100,COM CA THU RAN;Bỏng Ngô Mỹ;bnm;bong ngo my
COM CA THU RIM TIEU,Mix,02,VND,,1,20000,1,20000,0,20000,100,COM CA THU RIM TIEU;Mix;m;mix
COM CA THU SOT,COM CA THU SOT,02,VND,,1,60000,1,60000,0,60000,100,COM CA THU SOT;COM CA THU SOT;ccts;com ca thu sot
COM GA RANG GUNG,COM GA RANG GUNG,02,VND,,1,55000,1,55000,0,55000,100,COM GA RANG GUNG;COM GA RANG GUNG;cgrg;com ga rang gung
COM NIEU BO NUONG,COM NIEU BO NUONG,02,VND,,1,60000,1,60000,0,60000,100,COM NIEU BO NUONG;COM NIEU BO NUONG;cnbn;com nieu bo nuong
COM NIEU BO SOT TIEU,COM NIEU BO SOT TIEU,02,VND,,1,60000,1,60000,0,60000,100,COM NIEU BO SOT TIEU;COM NIEU BO SOT TIEU;cnbst;com nieu bo sot tieu
COM NIEU GA NUONG,COM NIEU GA NUONG,02,VND,,1,60000,1,60000,0,60000,100,COM NIEU GA NUONG;COM NIEU GA NUONG;cngn;com nieu ga nuong
COM RANG BO,COM RANG BO,02,VND,,1,60000,1,60000,0,60000,100,COM RANG BO;COM RANG BO;crb;com rang bo
COM RANG THAP CAM,COM RANG THAP CAM,02,VND,,1,60000,1,60000,0,60000,100,COM RANG THAP CAM;COM RANG THAP CAM;crtc;com rang thap cam
COM RANG TRUNG,COM RANG TRUNG,02,VND,,1,40000,1,40000,0,40000,100,COM RANG TRUNG;COM RANG TRUNG;crt;com rang trung
COM SUON XAO CHUA NGOT,COM SUON XAO CHUA NGOT,02,VND,,1,65000,1,65000,0,65000,100,COM SUON XAO CHUA NGOT;COM SUON XAO CHUA NGOT;csxcn;com suon xao chua ngot
COM THIT KHO TAU,COM THIT KHO TAU,02,VND,,1,60000,1,60000,0,60000,100,COM THIT KHO TAU;COM THIT KHO TAU;ctkt;com thit kho tau
COM THIT LON RIM TIEU,COM THIT LON RIM TIEU,02,VND,,1,59000,1,59000,0,59000,100,COM THIT LON RIM TIEU;COM THIT LON RIM TIEU;ctlrt;com thit lon rim tieu
COM TRUNG DUC THIT,COM TRUNG DUC THIT,02,VND,,1,49000,1,49000,0,49000,100,COM TRUNG DUC THIT;COM TRUNG DUC THIT;ctdt;com trung duc thit
DIA HOA QUA NHO,DIA HOA QUA NHO,03,,,1,45000,1,45000,0,45000,100,DIA HOA QUA NHO;DIA HOA QUA NHO;dhqn;dia hoa qua nho
DIA HOA QUA TO,DIA HOA QUA TO,03,VND,,1,60000,1,60000,0,60000,100,DIA HOA QUA TO;DIA HOA QUA TO;dhqt;dia hoa qua to
DR THANH,DR THANH,03,VND,,1,25000,1,25000,0,25000,100,DR THANH;DR THANH;dt;dr thanh
DỪA TƯƠI,DỪA TƯƠI ,03,VNĐ,,1,35000,1,35000,0,35000,100,DỪA TƯƠI;DỪA TƯƠI ;dt;dua tuoi
ÉP DỨA,EP DUA,03,vnd,,1,55000,1,55000,0,55000,100,ÉP DỨA;EP DUA;ed;ep dua
EP OI,EP OI,03,VND,,1,55000,1,55000,0,55000,100,EP OI;EP OI;eo;ep oi
GẬY CARBON,GẬY CARBON,03,VND,,1,50000,1,50000,0,50000,100,GẬY CARBON;GẬY CARBON;gc;gay carbon
GAY THUE,GAY THUE,02,VND,,1,30000,1,30000,0,30000,100,GAY THUE;GAY THUE;gt;gay thue
HỒNG TRÀ BAC HÀ,HỒNG TRÀ BẠC HÀ,03,VND,,1,35000,1,35000,0,35000,100,HỒNG TRÀ BAC HÀ;HỒNG TRÀ BẠC HÀ;htbh;hong tra bac ha
HỒNG TRÀ DÂU,HỒNG TRÀ DÂU,03,VND,,1,35000,1,35000,0,35000,100,HỒNG TRÀ DÂU;HỒNG TRÀ DÂU;htd;hong tra dau
HỒNG TRÀ SÔ CO LA,HỒNG TRÀ SO CO LA,03,VND,,1,35000,1,35000,0,35000,100,HỒNG TRÀ SÔ CO LA;HỒNG TRÀ SO CO LA;htscl;hong tra so co la
HỒNG TRÀ SỦI BỌT,HỒNG TRÀ SB BẠC HÀ,03,VND,,1,25000,1,25000,0,25000,100,HỒNG TRÀ SỦI BỌT;HỒNG TRÀ SB BẠC HÀ;htsbh;hong tra sb bac ha
HỒNG TRÀ SỦI BỌT DÂU,HỒNG TRÀ SB DÂU,03,VND,,1,25000,1,25000,0,25000,100,HỒNG TRÀ SỦI BỌT DÂU;HỒNG TRÀ SB DÂU;htsd;hong tra sb dau
HỒNG TRÀ SỦI BỌT TH,HỒNG TRÀ SỦI BỌT,03,VND,,1,20000,1,20000,0,20000,100,HỒNG TRÀ SỦI BỌT TH;HỒNG TRÀ SỦI BỌT;htsb;hong tra sui bot
KENT,KENT,03,VND,,1,40000,1,40000,0,40000,100,KENT;KENT;k;kent
KHAN LANH,KHAN LANH,02,VND,,1,3000,1,3000,0,3000,100,KHAN LANH;KHAN LANH;kl;khan lanh
KHO GA,KHO GA LA CHANH,03,VND,,1,40000,1,40000,0,40000,100,KHO GA;KHO GA LA CHANH;kglc;kho ga la chanh
KHÓA HỌC CƠ BẢN,KHÓA HỌC,02,VND,,1,4500000,1,4500000,0,4500000,100,KHÓA HỌC CƠ BẢN;KHÓA HỌC;kh;khoa hoc
KHOAI HOP,KHOAI HOP,03,VND,,1,35000,1,35000,0,35000,100,KHOAI HOP;KHOAI HOP;kh;khoai hop
KHOAI LANG MAT ONG,KHOAI LANG MAT ONG,02,VND,,1,25000,1,25000,0,25000,100,KHOAI LANG MAT ONG;KHOAI LANG MAT ONG;klmo;khoai lang mat ong
KHOAI TAY CHIEN,KHOAI TAY CHIEN,02,VND,,1,35000,1,35000,0,35000,100,KHOAI TAY CHIEN;KHOAI TAY CHIEN;ktc;khoai tay chien
LIPTON BAC HA,LIPTON BAC HA,03,VND,,1,25000,1,25000,0,25000,100,LIPTON BAC HA;LIPTON BAC HA;lbh;lipton bac ha
LIPTON BAC HA SUA,LIPTON BAC HA SUA,03,VND,,1,30000,1,30000,0,30000,100,LIPTON BAC HA SUA;LIPTON BAC HA SUA;lbhs;lipton bac ha sua
LIPTON DAO,LIPTON DAO,03,VND,,1,25000,1,25000,0,25000,100,LIPTON DAO;LIPTON DAO;ld;lipton dao
LIPTON DAO SUA,LIPTON DAO SUA,03,VND,,1,30000,1,30000,0,30000,100,LIPTON DAO SUA;LIPTON DAO SUA;lds;lipton dao sua
LIPTON DAU,LIPTON DAU,03,VND,,1,25000,1,25000,0,25000,100,LIPTON DAU;LIPTON DAU;ld;lipton dau
LIPTON DAU SUA,LIPTON DAU SUA,03,VND,,1,30000,1,30000,0,30000,100,LIPTON DAU SUA;LIPTON DAU SUA;lds;lipton dau sua
MANBORO,MANBORO,03,VND,,1,40000,1,40000,0,40000,100,MANBORO;MANBORO;m;manboro
MIT KHO,MIT KHO,03,VND,,1,40000,1,40000,0,40000,100,MIT KHO;MIT KHO;mk;mit kho
MIX,Mix,02,VND,,1,22000,1,22000,0,22000,100,MIX;Mix;m;mix
MY NAU BO,MY NAU BO,02,VND,,1,45000,1,45000,0,40000,100,MY NAU BO;MY NAU BO;mnb;my nau bo
MY NAU TRUNG,MY NAU TRUNG,02,VND,,1,30000,1,30000,0,30000,100,MY NAU TRUNG;MY NAU TRUNG;mnt;my nau trung
MY NAU TRUNG BO,MY NAU TRUNG BO,02,VND,,1,55000,1,55000,0,50000,100,MY NAU TRUNG BO;MY NAU TRUNG BO;mntb;my nau trung bo
MỲ NẤU TRỨNG BÒ XÚC XÍCH,mỳ nấu trứng bò xúc xích,02,vnd,,1,60000,1,60000,0,60000,100,MỲ NẤU TRỨNG BÒ XÚC XÍCH;mỳ nấu trứng bò xúc xích;mntbxx;my nau trung bo xuc xich
MY NAU TRUNG XUC XICH,MY NAU TRUNG XUC XICH,02,VND,,1,45000,1,45000,0,45000,100,MY NAU TRUNG XUC XICH;MY NAU TRUNG XUC XICH;mntxx;my nau trung xuc xich
MY XAO BO,MY XAO BO,02,VND,,1,59000,1,59000,0,50000,100,MY XAO BO;MY XAO BO;mxb;my xao bo
MY XAO TRỨNG,MỲ NẤU XÚC XÍCH,02,vnd,,1,40000,1,40000,0,40000,100,MY XAO TRỨNG;MỲ NẤU XÚC XÍCH;mnxx;my nau xuc xich
NUOC BUOI,EP BUOI,03,VND,,1,55000,1,55000,0,55000,100,NUOC BUOI;EP BUOI;eb;ep buoi
NUOC DUA HAU,EP DUA HAU,03,VND,,1,55000,1,55000,0,55000,100,NUOC DUA HAU;EP DUA HAU;edh;ep dua hau
NƯỚC DỪA VICO,DỪA TƯƠI ,03,VND,,1,35000,1,35000,0,35000,100,NƯỚC DỪA VICO;DỪA TƯƠI ;dt;dua tuoi
NUOC SUOI,NUOC SUOI,03,VND,,1,20000,1,20000,0,20000,100,NUOC SUOI;NUOC SUOI;ns;nuoc suoi
NUOC TAO,EP TAO,03,VND,,1,55000,1,55000,0,55000,100,NUOC TAO;EP TAO;et;ep tao
REVIVE,REVIVE,03,VND,,1,25000,1,25000,0,25000,100,REVIVE;REVIVE;r;revive
ROCKSTAR,ROCKSTAR,03,VND,,1,25000,1,25000,0,25000,100,ROCKSTAR;ROCKSTAR;r;rockstar
SAI GON BAC,sai gon bac,03,vnd,,1,29000,1,29000,0,29000,100,SAI GON BAC;sai gon bac;sgb;sai gon bac
SAIGONXANH,SAI GON XANH,02,GOI,,1,35000,1,35000,0,35000,100,SAIGONXANH;SAI GON XANH;sgx;sai gon xanh
SINH TO BO,SINH TO BO,03,VND,,1,55000,1,55000,0,55000,100,SINH TO BO;SINH TO BO;stb;sinh to bo
SINH TO CHANH LEO,SINH TỐ CHANH LEO,03,VND,,1,55000,1,55000,0,55000,100,SINH TO CHANH LEO;SINH TỐ CHANH LEO;stcl;sinh to chanh leo
SINH TO DUA HAU,SINH TO DUA HAU,03,VND,,1,55000,1,55000,0,55000,100,SINH TO DUA HAU;SINH TO DUA HAU;stdh;sinh to dua hau
SINH TO MANG CAU,SINH TO MANG CAU,03,VND,,1,55000,1,55000,0,55000,100,SINH TO MANG CAU;SINH TO MANG CAU;stmc;sinh to mang cau
SINH TỐ MÃNG CẦU BƠ,Sinh tố Mãng cầu Bơ,03,VND,,1,60000,1,60000,0,60000,100,SINH TỐ MÃNG CẦU BƠ;Sinh tố Mãng cầu Bơ;stmcb;sinh to mang cau bo
SINH TO XOAI,SINH TO XOAI,03,VND,,1,55000,1,55000,0,55000,100,SINH TO XOAI;SINH TO XOAI;stx;sinh to xoai
STING ,STING,03,VND,,1,25000,1,25000,0,25000,100,STING ;STING;s;sting
SUA CHUA DANH DA CAFE,SUA CHUA DANH DA CAFE,03,VND,,1,30000,1,30000,0,30000,100,SUA CHUA DANH DA CAFE;SUA CHUA DANH DA CAFE;scddc;sua chua danh da cafe
SUA CHUA HOP,SUA CHUA HOP,03,VND,,1,15000,1,15000,0,15000,100,SUA CHUA HOP;SUA CHUA HOP;sch;sua chua hop
SUA CHUA THACH,SUA CHUA THACH,03,VND,,1,30000,1,30000,0,30000,100,SUA CHUA THACH;SUA CHUA THACH;sct;sua chua thach
SUA NUTRI,SUA NUTRI,03,VND,,1,25000,1,25000,0,25000,100,SUA NUTRI;SUA NUTRI;sn;sua nutri
SUA TUOI,SUA TUOI,03,VND,,1,25000,1,25000,0,25000,100,SUA TUOI;SUA TUOI;st;sua tuoi
THANG LONG,THANG LONG,03,VND,,1,20000,1,20000,0,20000,100,THANG LONG;THANG LONG;tl;thang long
THẺ BẠC ,THẺ BẠC ,02,VND,,1,500000,1,500000,0,500000,100,THẺ BẠC ;THẺ BẠC ;tb;the bac
THẺ VÀNG ,THẺ VÀNG ,02,VND,,1,700000,1,700000,0,700000,100,THẺ VÀNG ;THẺ VÀNG ;tv;the vang
THÊM BÒ,THEM BO,02,vnd,,1,25000,1,25000,0,25000,100,THÊM BÒ;THEM BO;tb;them bo
THÊM MỲ,THEM MY,02,vnd,,1,10000,1,10000,0,10000,100,THÊM MỲ;THEM MY;tm;them my
TIGER BAC,TIGER BAC,03,VND,,1,30000,1,30000,0,30000,100,TIGER BAC;TIGER BAC;tb;tiger bac
TRA CHANH SA,TRA CHANH,03,VND,,1,35000,1,35000,0,35000,100,TRA CHANH SA;TRA CHANH;tc;tra chanh
TRA DA,TRA DA,03,VND,,1,10000,1,10000,0,10000,100,TRA DA;TRA DA;td;tra da
TRÀ GỪNG,TRÀ GỪNG,03,VND,,1,20000,1,20000,0,20000,100,TRÀ GỪNG;TRÀ GỪNG;tg;tra gung
TRA O LONG,TRA O LONG,03,VND,,1,20000,1,20000,0,20000,100,TRA O LONG;TRA O LONG;tol;tra o long
TRÀ SỮA TRÂN CHÂU ĐEN,HỒNG TRÀ SỮA,03,VND,,1,30000,1,30000,0,30000,100,TRÀ SỮA TRÂN CHÂU ĐEN;HỒNG TRÀ SỮA;hts;hong tra sua
TRA XANH 0 DO,TRA XANH 0 DO,03,VND,,1,25000,1,25000,0,25000,100,TRA XANH 0 DO;TRA XANH 0 DO;tx0d;tra xanh 0 do
TRADUONG,TRA DUONG,02,cốc,,1,10000,1,10000,0,10000,100,TRADUONG;TRA DUONG;td;tra duong
TRUNG DUC THIT,TRUNG DUC THIT,02,VND,,1,35000,1,35000,0,35000,100,TRUNG DUC THIT;TRUNG DUC THIT;tdt;trung duc thit
TRUNG LUOC,TRUNG LUOC,02,VND,,1,10000,1,10000,0,10000,100,TRUNG LUOC;TRUNG LUOC;tl;trung luoc
TRUNG OPLA,TRUNG OPLA,02,VND,,1,10000,1,10000,0,10000,100,TRUNG OPLA;TRUNG OPLA;to;trung opla
VINA,VINA,03,VND,,1,30000,1,30000,0,30000,100,VINA;VINA;v;vina
VỠ CỐC,VỠ CỐC,02,vnd,,1,10000,1,10000,0,10000,100,VỠ CỐC;VỠ CỐC;vc;vo coc
XUC XICH RAN,XUC XICH RAN,02,VND,,1,20000,1,20000,0,20000,100,XUC XICH RAN;XUC XICH RAN;xxr;xuc xich ran
